"id","customername","state","city","created_on","date_of_birth","updated_on","email","gender"
267,Mala Pratap,Madhya Pradesh,Indore,"2018-12-06",1983-11-04,2018-12-06,Mala Pratap@outlook.com,f
59,Anudeep,Madhya Pradesh,Indore,"2018-08-26",1978-09-09,2018-08-26,,
273,Shakshi Sagar,Nagaland,Kohima,"2018-04-17",1996-11-06,2019-03-27,Sagar@gmail.com,f
116,Ekta Chauhan,Madhya Pradesh,Indore,"2018-06-28",1987-04-20,2018-06-28,Ekta Chauhan@outlook.com,f
92,Bhutekar,Madhya Pradesh,Indore,"2019-01-04",1989-10-08,2019-01-04,,
48,Anjali Juneja,Delhi,Delhi,"2019-02-01",1987-11-24,2019-02-01,Anjali@gmail.com,f
49,Anjali Juneja,Haryana,Chandigarh,"2018-05-23",1979-05-28,2018-05-23,Anjali@gmail.com,f
266,Mala Bagga,Himachal Pradesh,Simla,"2018-11-03",1999-05-07,2018-11-03,Rohan@gmail.com,f
113,Divyeta,Madhya Pradesh,Indore,"2018-11-23",1971-02-19,2018-11-23,,
122,Ginny,Madhya Pradesh,Indore,"2019-01-31",1992-10-07,2019-01-31,,
135,Hitika,Madhya Pradesh,Indore,"2019-02-23",1987-12-16,2019-03-31,,
50,Anjali Juneja,Maharashtra,Mumbai,"2018-07-12",1997-01-31,2018-07-12,Anjali@gmail.com,f
157,Kiran Devi,Maharashtra,Mumbai,"2018-07-21",1996-02-19,2018-07-21,Kiran@gmail.com,f
159,Kishwar,Madhya Pradesh,Indore,"2018-07-01",1970-09-27,2018-07-01,,
167,Kshitij,Madhya Pradesh,Indore,"2018-10-10",1974-11-30,2018-10-10,,
268,Mala Garg,Maharashtra,Mumbai,"2018-10-18",1973-12-17,2018-10-18,Rohan@gmail.com,f
174,Maithilee,Madhya Pradesh,Indore,"2018-06-26",1976-07-28,2018-06-26,,
188,Mhatre,Madhya Pradesh,Indore,"2019-01-11",1980-01-16,2019-01-11,,
125,Gunjan Verna,Madhya Pradesh,Indore,"2018-06-15",1976-07-17,2018-06-15,Gunjan Verna@outlook.com,f
331,Smt. Shweta Gupta,Madhya Pradesh,Indore,"2018-06-30",1987-04-22,2018-06-30,Smt. Shweta Gupta@outlook.com,f
269,Mala Devi @ Nisha,Punjab,Amritsar,"2018-12-02",1976-01-13,2018-12-02,Rohan@gmail.com,f
220,Oshin,Madhya Pradesh,Indore,"2019-01-20",2000-07-14,2019-01-20,,
240,Pournamasi,Madhya Pradesh,Indore,"2018-05-19",1998-11-20,2019-03-21,,
244,Pranav,Madhya Pradesh,Indore,"2018-07-29",1983-06-27,2018-07-29,,
341,Suganti @ Sonali,Bihar,Patna,"2018-05-01",1987-02-21,2019-03-10,Sonal@gmail.com,f
54,Ankita Kanwar Rathore,Maharashtra,Mumbai,"2019-03-16",1988-01-06,2019-03-16,Ankita@gmail.com,f
292,Sauptik,Madhya Pradesh,Indore,"2018-09-30",1972-12-08,2018-09-30,,
254,"Ranjita Devi And His Son Priyanshu Age 2,1/2 Yrs",Madhya Pradesh,Indore,"2018-08-14",1994-04-02,2018-08-14,"Ranjita Devi And His Son Priyanshu Age 2,1/2 Yrs@outlook.com",f
301,Shatayu,Madhya Pradesh,Indore,"2018-11-28",1982-11-05,2018-11-28,,
251,Priyanka Bagcdani D/O Gulab Bagcdani R/O 11/95 C.H,Madhya Pradesh,Indore,"2019-01-13",1994-09-01,2019-01-13,Priyanka Bagcdani D/O Gulab Bagcdani R/O 11/95 C.H@outlook.com,f
312,Shivanshu,Madhya Pradesh,Indore,"2018-10-05",1975-11-16,2018-10-05,,
258,Ramesh Roat,Gujarat,Ahmedabad,"2018-04-18",1993-12-05,2019-03-27,Ramesh@gmail.com,f
280,Savita Devi W/O Sandeep Patel,Madhya Pradesh,Indore,"2018-10-14",1994-06-02,2018-10-14,Savita Devi W/O Sandeep Patel@outlook.com,f
367,Swapnil,Madhya Pradesh,Indore,"2018-10-10",1972-12-18,2018-10-10,,
323,Shruti,Madhya Pradesh,Indore,"2019-01-13",1972-04-01,2019-01-13,Shruti@outlook.com,f
358,Muskan Urf Suman,Kerala ,Thiruvananthapuram,"2018-10-09",1999-04-12,2018-10-09,Suman@gmail.com,f
381,Turumella,Madhya Pradesh,Indore,"2018-07-22",1998-02-01,2018-07-22,,
38,Amlan,Madhya Pradesh,Indore,"2018-12-10",1973-02-17,2018-12-10,,
35,Ameesha,Maharashtra,Pune,"2018-07-22",1985-06-01,2018-07-22,Ameesha@gmail.com,
40,Amruta,Delhi,Delhi,"2019-01-28",1992-10-04,2019-01-28,Amruta@gmail.com,
43,Ananya,Andhra Pradesh,Hyderabad,"2018-10-29",1978-11-12,2018-10-29,Ananya@gmail.com,
182,Mansi Raghav,Madhya Pradesh,Indore,"2019-02-03",1987-11-26,2019-02-03,Mansi Raghav@outlook.com,f
283,Smt Sanjana,Madhya Pradesh,Indore,"2018-10-29",1974-12-19,2018-10-29,Smt Sanjana@outlook.com,f
42,Anandi Bai,Punjab,Amritsar,"2018-12-09",2001-05-24,2018-12-09,Anand@gmail.com,f
107,Dinesh Kumari,Tamil Nadu,Chennai,"2018-09-21",1975-11-02,2018-09-21,Dinesh@gmail.com,f
390,"Pooja With Three Child (Vikash,Aakash,Khushi)",Goa,Goa,"2018-11-18",1976-12-20,2018-11-18,Vikash@gmail.com,f
102,"Rakhi With Two Child (Devraj Age-3 Yrs,Deepak Age-",Madhya Pradesh,Bhopal,"2018-04-20",1991-01-04,2019-03-27,Deepak@gmail.com,f
46,Anisha Jain,Nagaland,Kohima,"2018-07-20",1980-07-15,2018-07-20,Anisha@gmail.com,f
36,Amisha @ Munni,Tamil Nadu,Chennai,"2018-06-23",1989-03-27,2018-06-23,Amisha@gmail.com,f
277,Sakshi @ Soniya,Madhya Pradesh,Indore,"2018-09-02",1991-05-19,2018-09-02,Sakshi @ Soniya@outlook.com,f
89,Bhawna @ Sonam,Madhya Pradesh,Indore,"2018-06-04",2000-11-17,2018-06-04,Bhawna @ Sonam@outlook.com,f
260,Rashmi @ Rinku,Madhya Pradesh,Indore,"2018-07-12",1982-06-19,2018-06-17,Rashmi @ Rinku@outlook.com,f
1,Aakanksha D/O,Madhya Pradesh,Indore,"2018-07-01",1983-05-30,2018-07-01,Aakanksha D/O@outlook.com,f
58,Anubhaw,Karnataka,Bangalore,"2018-07-27",1972-10-04,2018-07-27,Anubhaw@gmail.com,
61,Aparajita,West Bengal,Kolkata,"2019-01-18",1990-10-13,2019-01-18,Aparajita@gmail.com,
62,Apoorv,Rajasthan,Udaipur,"2018-11-24",1998-06-06,2018-11-24,Apoorv@gmail.com,
63,Apoorva,Haryana,Chandigarh,"2018-10-25",1983-09-23,2018-10-25,Apoorva@gmail.com,
64,Apsingekar,Bihar,Patna,"2018-10-08",1987-07-31,2018-10-08,Apsingekar@gmail.com,
65,Arindam,Uttar Pradesh,Lucknow,"2018-07-30",1990-04-24,2018-07-30,Arindam@gmail.com,
66,Aromal,Maharashtra,Mumbai,"2018-11-15",1990-08-10,2018-11-15,Aromal@gmail.com,
67,Arpita,Karnataka,Bangalore,"2019-02-09",2000-08-03,2019-02-09,Arpita@gmail.com,
68,Arsheen,Gujarat,Ahmedabad,"2018-05-28",1995-12-27,2018-05-28,Arsheen@gmail.com,
285,Sanjay Kumar S/O,Maharashtra,Mumbai,"2018-12-21",1974-02-19,2018-12-21,Sanjay@gmail.com,m
117,Ekta Chauhan,West Bengal,Kolkata,"2018-06-02",1975-07-14,2018-06-02,Ekta@gmail.com,f
72,Ashmeet,West Bengal,Kolkata,"2018-08-31",1974-10-21,2018-08-31,Ashmeet@gmail.com,
74,Ashvini,Maharashtra,Mumbai,"2018-11-01",1983-09-30,2018-11-01,Ashvini@gmail.com,
140,Smt.Kiswar Jahan,Madhya Pradesh,Bhopal,"2018-04-03",1999-09-26,2019-03-21,Jahan@gmail.com,f
130,Harshita Poswal,Maharashtra,Mumbai,"2018-10-28",1993-06-25,2018-10-28,Harshita@gmail.com,f
77,Atharv,West Bengal,Kolkata,"2019-02-22",1974-04-23,2019-03-28,Atharv@gmail.com,
143,Jayanti @ Pooja,Uttar Pradesh,Allahabad,"2018-12-24",1983-11-22,2018-12-24,Jayanti@gmail.com,f
79,Avish,Kerala ,Thiruvananthapuram,"2018-09-24",2000-03-18,2018-09-24,Avish@gmail.com,
88,Bhavna Oad,Sikkim,Gangtok,"2018-04-15",1972-06-23,2019-03-26,Bhavna@gmail.com,f
87,Deepti Bhargav,Madhya Pradesh,Delhi,"2018-12-11",1983-11-09,2018-12-11,Bhargav@gmail.com,f
133,Hemanti Aary,Kerala ,Thiruvananthapuram,"2018-04-24",1993-12-11,2019-02-25,Hemant@gmail.com,f
118,Farah Khan,Nagaland,Kohima,"2018-05-08",1975-06-19,2019-03-15,Farah@gmail.com,f
84,Bathina,Karnataka,Bangalore,"2018-06-03",1989-03-07,2018-06-03,Bathina@gmail.com,
85,Bhaggyasree,Maharashtra,Mumbai,"2018-06-14",1997-01-03,2018-06-14,Bhaggyasree@gmail.com,
90,Bhishm,Maharashtra,Mumbai,"2019-02-23",1987-12-16,2019-03-30,Bhishm@gmail.com,
91,Bhosale,Punjab,Amritsar,"2018-11-24",1978-12-08,2018-11-24,Bhosale@gmail.com,
394,Vishakha Anand,Maharashtra,Mumbai,"2018-12-27",1999-06-30,2018-12-27,Vishakha@gmail.com,f
95,Charika,Goa,Goa,"2018-05-25",1995-12-24,2018-05-25,Charika@gmail.com,
96,Chayanika,Kerala ,Thiruvananthapuram,"2018-05-21",1969-08-26,2018-05-21,Chayanika@gmail.com,
363,Kiran D/O Suraj Prashad,Gujarat,Surat,"2018-12-10",1978-01-02,2018-12-10,Suraj@gmail.com,f
195,Ku. Monu,Punjab,Amritsar,"2018-12-04",1982-11-11,2018-12-04,Monu@gmail.com,f
101,Dashyam,Gujarat,Surat,"2018-11-24",2000-05-18,2018-11-24,Dashyam@gmail.com,
86,Bharati@Ruchika,Gujarat,Ahmedabad,"2018-04-01",1983-02-28,2019-03-21,Bharat@gmail.com,f
201,Mukesh Devi,Haryana,Chandigarh,"2018-04-12",1988-01-24,2019-03-26,Mukesh@gmail.com,f
81,Sushhmita Dass And His Son Ayush Dass,Maharashtra,Mumbai,"2018-08-13",1977-09-05,2018-08-13,Ayush@gmail.com,f
106,Dhirajendu,Maharashtra,Mumbai,"2018-07-28",1978-08-11,2018-07-28,Dhirajendu@gmail.com,
82,Sushhmita Dass And His Son Ayush Dass,Punjab,Chandigarh,"2018-08-02",1974-09-22,2018-08-02,Ayush@gmail.com,f
109,Divsha,Rajasthan,Jaipur,"2018-04-03",1991-12-09,2019-03-22,Divsha@gmail.com,
83,Sushhmita Dass And His Son Ayush Dass,West Bengal,Kolkata,"2018-09-15",1985-07-26,2018-09-15,Ayush@gmail.com,f
111,Divyansha,Maharashtra,Mumbai,"2018-12-04",1989-09-07,2018-12-04,Divyansha@gmail.com,
112,Divyeshkumar,Uttar Pradesh,Allahabad,"2018-11-24",1979-11-29,2018-11-24,Divyeshkumar@gmail.com,
115,Duhita,Haryana,Chandigarh,"2018-09-08",1972-11-16,2018-09-08,Duhita@gmail.com,
5,Durga  With Her Son Aayush,Uttar Pradesh,Lucknow,"2018-11-15",1985-09-25,2018-11-15,Aayush@gmail.com,f
94,Chandni ( With Two Child Vikash 3 Yrs & Sweta 8 Yr,Rajasthan,Jaipur,"2018-06-01",1971-08-19,2018-06-01,Chandni@gmail.com,f
123,Girase,Kerala ,Thiruvananthapuram,"2019-01-02",1984-11-21,2019-01-02,Girase@gmail.com,
124,Gunjal,Gujarat,Surat,"2018-11-21",1979-11-26,2018-11-21,Gunjal@gmail.com,
97,Chetana,Gujarat,Ahmedabad,"2019-01-13",1972-04-01,2019-01-13,Chetan@gmail.com,f
307,Nandini Devi (  With Child 2 Year Shivam ),Maharashtra,Pune,"2018-08-10",1986-06-11,2018-08-10,Shivam@gmail.com,f
308,Nandini Devi (  With Child 2 Year Shivam ),Uttar Pradesh,Lucknow,"2018-08-17",1974-10-07,2018-08-17,Shivam@gmail.com,f
129,Harshal,Delhi,Delhi,"2019-02-03",1986-12-05,2019-02-03,Harshal@gmail.com,
131,Hazel,Karnataka,Bangalore,"2018-04-06",1990-12-21,2019-03-22,Hazel@gmail.com,
132,Hemangi,Delhi,Delhi,"2019-01-29",1983-01-06,2019-01-29,Hemangi@gmail.com,
376,Teena Bhambi,Andhra Pradesh,Hyderabad,"2018-09-13",1989-06-17,2018-09-13,Teena@gmail.com,f
136,Hrisheekesh,Maharashtra,Mumbai,"2018-10-10",1977-11-02,2018-10-10,Hrisheekesh@gmail.com,
137,Inderpreet,Himachal Pradesh,Simla,"2018-07-17",1981-07-03,2018-07-17,Inderpreet@gmail.com,
139,Ishpreet,Maharashtra,Mumbai,"2018-12-10",1977-01-11,2018-12-10,Ishpreet@gmail.com,
171,Mahima Bagga,Madhya Pradesh,Indore,"2019-01-18",1971-04-16,2019-01-18,Mahima Bagga@outlook.com,f
189,Mitali Sahu,Madhya Pradesh,Indore,"2019-01-22",1993-09-19,2019-01-22,Mitali Sahu@outlook.com,f
108,Km Dipali,Madhya Pradesh,Indore,"2018-12-30",1994-08-18,2018-12-30,Km Dipali@outlook.com,f
144,Jaydeep,Madhya Pradesh,Bhopal,"2018-12-11",1972-02-28,2018-12-11,Jaydeep@gmail.com,
145,Jesal,West Bengal,Kolkata,"2019-01-13",1986-11-14,2019-01-13,Jesal@gmail.com,
146,Jesslyn,Rajasthan,Udaipur,"2019-01-23",1988-11-05,2019-01-23,Jesslyn@gmail.com,
23,Ajay Singh Rajawat,Karnataka,Bangalore,"2019-03-08",1998-09-18,2018-04-28,Ajay@gmail.com,m
150,Kalyani Patro,Tamil Nadu,Chennai,"2019-02-09",1986-12-11,2019-02-09,Kalyani@gmail.com,f
221,Palak @ Simran,Maharashtra,Mumbai,"2018-10-29",1988-08-11,2018-10-29,Palak@gmail.com,f
155,Kartikay,Bihar,Patna,"2019-02-11",1978-03-06,2019-02-11,Kartikay@gmail.com,
156,Kasheen,West Bengal,Kolkata,"2018-04-05",1975-05-17,2019-03-22,Kasheen@gmail.com,
164,Kritika@Kittu,Uttar Pradesh,Lucknow,"2018-06-24",1983-05-23,2018-06-24,Kritika@gmail.com,f
24,Ajay Singh Rajawat,West Bengal,Kolkata,"2018-10-16",1986-08-17,2018-10-16,Ajay@gmail.com,m
169,Lisha,Madhya Pradesh,Bhopal,"2019-03-05",1987-01-04,2018-04-27,Lisha@gmail.com,f
208,Nida,Madhya Pradesh,Indore,"2018-05-11",1984-03-30,2019-03-16,Nida@outlook.com,f
232,Phalguni,Madhya Pradesh,Bhopal,"2018-12-15",1978-01-07,2018-12-15,Phalguni@gmail.com,f
165,Krutika,Andhra Pradesh,Hyderabad,"2019-01-14",1994-09-02,2019-01-14,Krutika@gmail.com,
166,Krutika,Bihar,Patna,"2018-06-07",1986-04-08,2018-06-07,Krutika@gmail.com,
172,Mahima Bagga,Maharashtra,Pune,"2018-05-28",1969-09-02,2018-05-28,Mahima@gmail.com,f
170,Madhulika,Madhya Pradesh,Bhopal,"2018-07-22",1998-02-01,2018-07-22,Madhulika@gmail.com,
173,Mahima Bagga,Sikkim,Gangtok,"2018-10-27",1985-09-06,2018-10-27,Mahima@gmail.com,f
176,Manibalan,Kerala ,Thiruvananthapuram,"2018-11-15",1995-06-25,2018-11-15,Manibalan@gmail.com,
371,Swetha @ Neha,Madhya Pradesh,Indore,"2018-06-11",2000-11-24,2018-06-11,Swetha @ Neha@outlook.com,f
179,Manjiri,Delhi,Delhi,"2019-01-31",1993-09-28,2019-01-31,Manjiri@gmail.com,
197,Mousam,Maharashtra,Mumbai,"2018-09-09",1989-06-13,2018-09-09,Mousam@gmail.com,f
181,Manshul,Uttar Pradesh,Lucknow,"2018-07-12",1969-10-17,2018-07-12,Manshul@gmail.com,
183,Masurkar,Punjab,Amritsar,"2018-11-26",1994-07-15,2018-11-26,Masurkar@gmail.com,
151,Kanak Lata,Goa,Goa,"2018-04-15",1986-02-14,2019-03-26,Kanak@gmail.com,f
121,Geetanjali,Madhya Pradesh,Delhi,"2018-12-17",1976-01-28,2018-12-17,Geetanjali@gmail.com,f
193,Monica,Punjab,Chandigarh,"2019-01-03",1982-12-11,2019-01-03,Monica@gmail.com,
194,Monisha,Rajasthan,Jaipur,"2019-02-22",1981-02-17,2019-03-28,Monisha@gmail.com,
196,Moumita,Gujarat,Ahmedabad,"2018-10-29",1985-09-08,2018-10-29,Moumita@gmail.com,
198,Mrinal,Maharashtra,Mumbai,"2018-11-24",1985-10-04,2018-11-24,Mrinal@gmail.com,
199,Mrunal,Maharashtra,Mumbai,"2018-11-03",1998-05-16,2018-11-03,Mrunal@gmail.com,
200,Mugdha,Delhi,Delhi,"2019-02-02",1980-02-07,2019-02-02,Mugdha@gmail.com,
204,Namrata,Punjab,Chandigarh,"2018-07-15",1979-07-20,2018-07-15,Namrata@gmail.com,
138,Ishita Sharma,Maharashtra,Pune,"2018-10-01",1989-07-05,2018-10-01,Ishit@gmail.com,f
270,Pawan Saini Alongwith Rohit Age 2.6 Yrs,Rajasthan,Jaipur,"2018-09-15",1987-07-08,2018-09-15,Rohit@gmail.com,f
224,Parinka,Maharashtra,Mumbai,"2019-01-27",1987-11-19,2019-01-27,Parin@gmail.com,f
215,Nitant,Rajasthan,Jaipur,"2018-08-12",1999-02-13,2018-08-12,Nitant@gmail.com,
216,Noopur,Karnataka,Bangalore,"2018-06-21",1989-03-25,2018-06-21,Noopur@gmail.com,
217,Noshiba,Gujarat,Ahmedabad,"2018-08-27",1998-03-09,2018-08-27,Noshiba@gmail.com,
218,Nripraj,Punjab,Chandigarh,"2018-10-10",1977-11-02,2018-10-10,Nripraj@gmail.com,
222,Parakh,Nagaland,Kohima,"2018-11-19",1999-05-23,2018-11-19,Parakh@gmail.com,
223,Paridhi,Rajasthan,Jaipur,"2019-03-06",1997-09-25,2018-04-27,Paridhi@gmail.com,
225,Parishi,West Bengal,Kolkata,"2019-03-07",1992-11-11,2018-04-27,Parishi@gmail.com,
227,Parnavi,West Bengal,Kolkata,"2019-02-08",1972-04-27,2019-02-08,Parnavi@gmail.com,
149,Kajal Choudhary,Delhi,Delhi,"2018-12-18",1973-02-25,2019-01-30,Kajal@gmail.com,f
230,Patil,Delhi,Delhi,"2019-02-07",1981-02-02,2019-02-07,Patil@gmail.com,
231,Pearl,Maharashtra,Pune,"2018-04-01",1988-01-13,2019-03-21,Pearl@gmail.com,
233,Pinky Verma,Jammu and Kashmir,Kashmir,"2019-02-23",1979-03-09,2019-03-29,Pinky@gmail.com,f
212,Nirjala,Delhi,Delhi,"2019-01-31",1999-08-04,2019-01-31,Nirja@gmail.com,f
190,Mitali Sahu,Nagaland,Kohima,"2018-05-27",1992-02-01,2018-05-27,Mitali@gmail.com,f
37,Kr. Amita Mishra,Sikkim,Gangtok,"2019-03-01",1975-04-21,2018-04-26,Amit@gmail.com,f
236,Smt. Pooja Urf Rani,Bihar,Patna,"2019-02-24",2000-08-18,2018-04-24,Pooja@gmail.com,f
237,Smt. Pooja Urf Rani,Goa,Goa,"2018-08-24",1991-05-10,2018-08-24,Pooja@gmail.com,f
238,Smt. Pooja Urf Rani,Himachal Pradesh,Simla,"2018-06-11",1987-04-03,2018-06-11,Pooja@gmail.com,f
239,Smt. Pooja Urf Rani,Uttar Pradesh,Allahabad,"2018-11-25",1972-02-12,2018-11-25,Pooja@gmail.com,f
309,Shivangi,Madhya Pradesh,Indore,"2018-09-15",1983-08-14,2019-01-27,Shivangi@outlook.com,f
60,Murti Anuragi,Madhya Pradesh,Indore,"2018-05-07",1980-05-02,2019-03-14,Murti Anuragi@outlook.com,f
73,Ashmin,Madhya Pradesh,Indore,"2019-03-04",1986-01-12,2018-04-26,Ashmin@outlook.com,f
234,Piyali,Sikkim,Gangtok,"2018-05-25",1998-11-26,2018-05-25,Piyali@gmail.com,
235,Piyam,Punjab,Amritsar,"2019-01-25",1982-01-11,2019-01-25,Piyam@gmail.com,
242,Prajakta,Karnataka,Bangalore,"2018-12-28",1971-03-26,2018-12-28,Prajakta@gmail.com,
243,Pranav,Andhra Pradesh,Hyderabad,"2018-11-20",1977-12-13,2018-11-20,Pranav@gmail.com,
245,Praneet,Maharashtra,Mumbai,"2018-10-13",1998-04-25,2018-10-13,Praneet@gmail.com,
246,Pranjali,West Bengal,Kolkata,"2018-10-30",1992-07-06,2018-10-30,Pranjali@gmail.com,
249,Pratyusmita,Bihar,Patna,"2018-05-20",1981-05-06,2018-05-20,Pratyusmita@gmail.com,
250,Preksha,Delhi,Delhi,"2018-12-16",2001-05-31,2018-12-16,Preksha@gmail.com,
259,Rane,Maharashtra,Mumbai,"2018-08-03",1993-03-31,2018-08-03,Rane@gmail.com,
261,Rhea,Himachal Pradesh,Simla,"2018-05-24",1992-01-29,2018-05-24,Rhea@gmail.com,
262,Rhea,Maharashtra,Mumbai,"2019-01-22",1999-07-26,2019-01-22,Rhea@gmail.com,
279,Samiksha  Rathor,Maharashtra,Mumbai,"2018-06-09",1989-03-13,2018-06-09,Samiksha@gmail.com,f
303,Shefali@Puja,Rajasthan,Jaipur,"2018-05-14",1990-02-06,2019-03-16,Shefali@gmail.com,f
248,Pratiksha @ Sanjali Muram,Maharashtra,Mumbai,"2019-01-19",1981-01-14,2019-01-19,Pratiksha@gmail.com,f
257,Savitri Raksha,West Bengal,Kolkata,"2018-07-08",1991-03-24,2018-07-08,Raksha@gmail.com,f
2,Aarushi,Tamil Nadu,Chennai,"2018-04-08",1980-04-03,2019-03-22,Aarushi@gmail.com,f
105,Usha Devi With Her Two Child-Dheeraj & Shivani,Rajasthan,Jaipur,"2018-10-16",1970-01-21,2018-10-16,Dheeraj@gmail.com,f
271,Rutuja,Gujarat,Ahmedabad,"2018-09-14",2001-02-27,2018-09-14,Rutuja@gmail.com,
272,Sabah,Maharashtra,Mumbai,"2018-05-10",1976-06-11,2018-05-10,Sabah@gmail.com,
252,Priyanka Bagcdani D/O Gulab Bagcdani R/O 11/95 C.H,Maharashtra,Pune,"2018-05-11",1975-06-22,2019-03-16,Priyanka@gmail.com,f
275,Sajal,Bihar,Patna,"2018-09-23",1974-11-13,2018-09-23,Sajal@gmail.com,
281,Sandra,Punjab,Amritsar,"2018-12-25",1988-10-07,2018-12-25,Sandra@gmail.com,
253,Priyanka Bagcdani D/O Gulab Bagcdani R/O 11/95 C.H,Uttar Pradesh,Allahabad,"2019-01-25",1987-11-17,2019-01-25,Priyanka@gmail.com,f
287,Sanjova,Maharashtra,Pune,"2018-08-28",1993-04-25,2018-08-28,Sanjova@gmail.com,
288,Sanskriti,West Bengal,Kolkata,"2018-05-15",1993-01-10,2019-03-17,Sanskriti@gmail.com,
289,Saptadeep,Gujarat,Surat,"2018-11-27",1990-08-22,2018-11-27,Saptadeep@gmail.com,
282,Smt Sanjana,Bihar,Patna,"2018-09-02",1992-05-09,2018-09-02,Sanjana@gmail.com,f
276,Sakshi @ Soniya,Madhya Pradesh,Bhopal,"2018-07-06",1982-06-13,2018-07-06,Sakshi@gmail.com,f
286,Sanjna @ Sunita,Maharashtra,Mumbai,"2018-06-11",1978-06-25,2018-06-11,Sanjna@gmail.com,f
255,Reeta @ Rachna,Haryana,Chandigarh,"2018-05-05",1975-06-16,2019-03-12,Rachna@gmail.com,f
278,Kumari Saloni,West Bengal,Kolkata,"2019-01-21",1975-03-13,2019-01-21,Saloni@gmail.com,f
297,Shaily,Maharashtra,Mumbai,"2018-06-27",1974-08-17,2018-06-27,Shaily@gmail.com,
298,Shantanu,Maharashtra,Mumbai,"2019-01-13",1981-01-08,2019-01-13,Shantanu@gmail.com,
274,Sahil Tigga,Punjab,Chandigarh,"2018-04-24",1983-03-23,2019-02-26,Sahil@gmail.com,m
300,Shardul,Gujarat,Ahmedabad,"2019-01-09",1989-10-13,2019-01-09,Shardul@gmail.com,
228,Paromita,Punjab,Amritsar,"2019-01-21",1974-03-22,2019-01-21,Paromita@gmail.com,
304,Shikhar,Himachal Pradesh,Simla,"2019-01-05",1990-09-30,2019-01-05,Shikhar@gmail.com,
305,Shikhar,Maharashtra,Mumbai,"2019-01-04",1979-01-18,2019-01-04,Shikhar@gmail.com,
284,Sanjay Kumar S/O,Goa,Goa,"2019-03-02",1974-05-01,2018-04-26,Sanjay@gmail.com,m
163,Krishna@Manisha,Madhya Pradesh,Indore,"2018-10-29",1995-06-08,2018-10-29,Krishna@Manisha@outlook.com,f
18,Aditiya @ Sumit,Madhya Pradesh,Indore,"2018-09-10",1992-05-17,2018-09-10,Aditiya @ Sumit@outlook.com,m
313,Shourya,Kerala ,Thiruvananthapuram,"2018-08-19",1976-09-20,2018-08-19,Shourya@gmail.com,
314,Shreya,Andhra Pradesh,Hyderabad,"2019-01-18",1996-08-18,2019-01-18,Shreya@gmail.com,
315,Shreya,Kerala ,Thiruvananthapuram,"2018-09-06",1993-05-04,2018-06-08,Shreya@gmail.com,
316,Shreya,Madhya Pradesh,Bhopal,"2018-05-31",1995-01-08,2018-05-31,Shreya@gmail.com,
317,Shreya,Maharashtra,Mumbai,"2019-01-17",2000-07-11,2019-01-17,Shreya@gmail.com,
318,Shreya,Uttar Pradesh,Lucknow,"2018-12-31",1999-07-04,2018-12-31,Shreya@gmail.com,
319,Shreyoshe,Karnataka,Bangalore,"2018-09-01",1970-11-28,2018-09-01,Shreyoshe@gmail.com,
320,Shreyshi,Gujarat,Surat,"2019-01-21",1997-08-12,2019-01-21,Shreyshi@gmail.com,
321,Shrichand,Punjab,Chandigarh,"2018-04-12",1997-10-23,2019-03-26,Shrichand@gmail.com,
7,Aayushi,Madhya Pradesh,Indore,"2018-06-04",1996-12-24,2018-06-04,,
332,Smt. Shweta Gupta,Rajasthan,Udaipur,"2019-01-27",1978-02-19,2019-01-31,Shweta@gmail.com,f
6,Aayushi,Gujarat,Surat,"2019-01-27",1974-03-28,2019-01-27,Aayushi@gmail.com,
8,Aayushi,Maharashtra,Mumbai,"2018-09-15",1998-03-28,2018-09-15,Aayushi@gmail.com,
360,Reeta  And Her Doughter Surabhi,Maharashtra,Mumbai,"2018-09-11",1976-10-13,2018-08-25,Surabhi@gmail.com,f
361,Reeta  And Her Doughter Surabhi,Rajasthan,Jaipur,"2018-08-30",1983-07-29,2018-08-30,Surabhi@gmail.com,f
362,Reeta  And Her Doughter Surabhi,Tamil Nadu,Chennai,"2018-07-11",1974-08-31,2018-07-11,Surabhi@gmail.com,f
353,Suhani Singhal,West Bengal,Kolkata,"2018-06-18",1984-05-07,2018-06-18,Suhani@gmail.com,f
322,Shruti,Karnataka,Bangalore,"2018-05-16",1991-01-30,2019-03-18,Shruti@gmail.com,f
324,Shruti,Maharashtra,Mumbai,"2018-12-29",1988-10-11,2018-12-29,Shruti@gmail.com,f
17,Adhvaita,Rajasthan,Jaipur,"2018-07-07",2000-12-20,2018-07-07,Adhvaita@gmail.com,
4,Aastha Thakur,Himachal Pradesh,Simla,"2018-10-26",1972-01-13,2018-10-26,Aastha@gmail.com,f
22,Aishwarya,Uttar Pradesh,Allahabad,"2018-12-08",1985-10-18,2018-12-08,Aishwarya@gmail.com,f
336,Smriti,Bihar,Patna,"2019-01-01",1974-03-02,2019-01-01,Smriti@gmail.com,f
364,Smt Surbhi,Gujarat,Ahmedabad,"2019-01-18",1976-02-29,2019-01-18,Surbhi@gmail.com,f
365,Smt Surbhi,Maharashtra,Mumbai,"2018-09-02",1973-11-01,2018-09-02,Surbhi@gmail.com,f
25,Akancha,Maharashtra,Mumbai,"2018-06-16",1998-12-18,2018-06-16,Akancha@gmail.com,
26,Akanksha,Andhra Pradesh,Hyderabad,"2018-05-28",1998-11-29,2018-05-28,Akanksha@gmail.com,
337,Sneha Kumari,Karnataka,Bangalore,"2018-10-31",1970-02-05,2018-10-31,Sneha@gmail.com,f
29,Akshata,Gujarat,Surat,"2018-12-26",1997-07-17,2018-12-26,Akshata@gmail.com,
330,Shubhi,Maharashtra,Mumbai,"2018-06-25",1976-07-27,2018-06-25,Shubhi@gmail.com,
338,Snehal,Punjab,Chandigarh,"2018-09-07",1971-11-25,2018-09-07,Snehal@gmail.com,
339,Snel,Kerala ,Thiruvananthapuram,"2018-11-03",1974-12-24,2018-11-03,Snel@gmail.com,
340,Sonakshi,Jammu and Kashmir,Kashmir,"2018-04-06",1993-11-23,2019-03-22,Sonakshi@gmail.com,
342,Soodesh,Punjab,Chandigarh,"2018-11-03",1984-09-22,2018-11-03,Soodesh@gmail.com,
343,Soumya,Maharashtra,Pune,"2019-01-16",1996-08-16,2019-01-16,Soumya@gmail.com,
344,Soumya,Rajasthan,Udaipur,"2019-01-21",1994-09-09,2019-01-21,Soumya@gmail.com,
345,Soumya,Sikkim,Gangtok,"2018-08-23",1993-04-20,2018-08-23,Soumya@gmail.com,
346,Soumyabrata,Andhra Pradesh,Hyderabad,"2018-11-07",1999-05-11,2018-11-07,Soumyabrata@gmail.com,
347,Srishti,Jammu and Kashmir,Kashmir,"2018-07-10",1972-09-17,2018-07-10,Srishti@gmail.com,
348,Stuti,Karnataka,Bangalore,"2018-07-09",1988-04-21,2018-07-09,Stuti@gmail.com,
349,Subhashree,Jammu and Kashmir,Kashmir,"2018-05-17",1972-07-25,2019-03-19,Subhashree@gmail.com,
350,Subhasmita,Rajasthan,Jaipur,"2018-06-18",1999-12-11,2018-06-18,Subhasmita@gmail.com,
3,Aashna,Uttar Pradesh,Allahabad,"2018-12-04",2001-05-19,2018-12-04,Aashna@gmail.com,
351,Sudheer,Karnataka,Bangalore,"2018-10-05",1978-10-19,2018-10-05,Sudheer@gmail.com,
354,Sujay,Madhya Pradesh,Delhi,"2018-12-13",2000-06-06,2018-12-13,Sujay@gmail.com,
355,Sukant,Sikkim,Gangtok,"2018-09-24",1998-04-06,2018-09-24,Sukant@gmail.com,
356,Sukrith,Maharashtra,Mumbai,"2018-09-24",1973-11-23,2018-09-24,Sukrith@gmail.com,
357,Sukruta,Punjab,Amritsar,"2018-12-19",1985-10-29,2018-12-19,Sukruta@gmail.com,
359,Sumeet,Maharashtra,Mumbai,"2018-11-28",1977-12-21,2018-11-28,Sumeet@gmail.com,
366,Swapnil,Delhi,Delhi,"2018-12-10",1972-02-27,2018-12-10,Swapnil@gmail.com,
368,Swapnil,Maharashtra,Mumbai,"2018-11-13",1983-10-12,2018-11-13,Swapnil@gmail.com,
372,Swetlana,Goa,Goa,"2018-07-01",1999-12-24,2018-07-01,Swetlana@gmail.com,
374,Tanushree,Maharashtra,Mumbai,"2018-10-22",1971-01-18,2018-10-22,Tanushree@gmail.com,
387,Vandana Kumari,Himachal Pradesh,Simla,"2018-04-13",1997-10-24,2019-03-26,Vandana@gmail.com,f
377,Tejas,Karnataka,Bangalore,"2018-10-18",2000-04-11,2018-10-18,Tejas@gmail.com,
378,Tejeswini,Maharashtra,Pune,"2019-01-19",1991-10-05,2019-01-19,Tejeswini@gmail.com,
379,Trupti,Gujarat,Ahmedabad,"2019-01-14",1983-12-13,2019-01-14,Trupti@gmail.com,
380,Tulika,Madhya Pradesh,Bhopal,"2018-05-13",1984-04-01,2019-03-16,Tulika@gmail.com,
382,Tushina,Goa,Goa,"2018-05-08",1994-12-16,2019-03-15,Tushina@gmail.com,
370,Sefali @ Sweta,Maharashtra,Mumbai,"2018-05-17",1990-02-09,2019-03-20,Sweta@gmail.com,f
384,Utsav,Maharashtra,Mumbai,"2018-10-10",1987-08-02,2018-10-10,Utsav@gmail.com,
386,Vaibhavi,Uttar Pradesh,Lucknow,"2018-09-02",1970-11-29,2018-09-02,Vaibhavi@gmail.com,
388,Vedant,Uttar Pradesh,Allahabad,"2018-12-01",1995-07-11,2018-12-01,Vedant@gmail.com,
148,Kushal Sharma,Sikkim,Gangtok,"2018-11-04",2000-04-28,2018-11-04,K@gmail.com,m
33,Aman Jeet,Maharashtra,Mumbai,"2018-12-05",1985-10-15,2018-12-05,Aman@gmail.com,f
168,Kushal Sharma,Nagaland,Kohima,"2018-11-06",1974-12-27,2018-11-06,Kushal@gmail.com,m
396,Wale,Maharashtra,Mumbai,"2018-07-18",1999-01-19,2018-07-18,Wale@gmail.com,
401,Yohann,Delhi,Delhi,"2019-02-04",1977-03-08,2019-02-04,Yohann@gmail.com,
34,Aman Jeet,Nagaland,Kohima,"2018-08-07",1980-08-02,2018-08-07,Aman@gmail.com,f
397,Yaanvi,Madhya Pradesh,Indore,"2018-05-01",1990-01-24,2019-03-10,,
51,Ankita Kanwar Rathore,Haryana,Chandigarh,"2019-01-05",1981-12-22,2019-01-05,Ankit@gmail.com,f
191,Mohan Singh Tyagi,Maharashtra,Mumbai,"2018-08-20",2001-02-02,2018-08-20,Mohan@gmail.com,m
389,Vijay Kumar Ghai,Jammu and Kashmir,Kashmir,"2018-06-22",1982-05-30,2018-06-22,Vijay@gmail.com,m
395,Vivek Kumar Gupta,Goa,Goa,"2019-01-06",1996-08-06,2019-01-06,Vivek@gmail.com,m
265,Riyasat Ali,Maharashtra,Mumbai,"2018-06-29",1972-09-06,2018-06-29,Riya@gmail.com,m
392,Vinit Katariya,Karnataka,Bangalore,"2018-04-22",1996-11-11,2019-03-28,Vini@gmail.com,m
256,Rahul Kumar @ Honny,Madhya Pradesh,Indore,"2019-01-04",1992-09-10,2019-01-04,Rahul Kumar @ Honny@outlook.com,m
333,Shyam Kumar,Madhya Pradesh,Indore,"2018-10-20",1999-04-23,2018-10-20,Shyam Kumar@outlook.com,m
70,Arun @ Vicky,Madhya Pradesh,Indore,"2018-11-15",1996-06-15,2018-11-15,Arun @ Vicky@outlook.com,m
400,Yogeshwari Goyait,Madhya Pradesh,Indore,"2019-02-04",1993-10-02,2019-02-04,Yogeshwari Goyait@outlook.com,f
398,Yash Mittal,Maharashtra,Mumbai,"2018-10-05",1996-05-05,2018-10-05,Yash@gmail.com,m
12,Abhishekh,Goa,Goa,"2018-11-05",1992-07-12,2018-11-05,Abhishek@gmail.com,m
13,Abhishekh,Gujarat,Surat,"2018-12-03",1997-06-24,2018-12-03,Abhishek@gmail.com,m
14,Abhishekh,Karnataka,Bangalore,"2018-09-19",1982-08-27,2018-09-19,Abhishek@gmail.com,m
15,Abhishekh,Maharashtra,Mumbai,"2018-09-24",1977-10-17,2018-09-24,Abhishek@gmail.com,m
16,Abhishekh,Rajasthan,Udaipur,"2018-12-07",1983-11-05,2018-12-07,Abhishek@gmail.com,m
27,Akash Gupta,West Bengal,Kolkata,"2018-07-26",1993-03-23,2018-07-26,Akash@gmail.com,m
184,Mayank Chaudhary @ Rahul,Maharashtra,Mumbai,"2019-03-10",1978-04-02,2018-04-30,Mayank@gmail.com,m
126,Harsh Dagar,Delhi,Delhi,"2019-02-08",1971-05-07,2019-02-08,Harsh@gmail.com,m
127,Harsh Dagar,Madhya Pradesh,Bhopal,"2018-08-11",1986-06-12,2018-08-11,Harsh@gmail.com,m
128,Harsh Dagar,Nagaland,Kohima,"2018-10-10",1973-12-09,2018-10-10,Harsh@gmail.com,m
185,Sandeep Meghawal,Maharashtra,Pune,"2018-07-05",1971-09-22,2018-07-05,Megha@gmail.com,m
186,Sandeep Meghawal,Rajasthan,Udaipur,"2018-11-24",1973-02-01,2018-11-24,Megha@gmail.com,m
52,Ankita Kanwar Rathore,Maharashtra,Mumbai,"2018-10-05",1996-05-05,2018-10-05,Ankit@gmail.com,f
53,Ankita Kanwar Rathore,Sikkim,Gangtok,"2018-11-17",1977-12-10,2018-11-17,Ankit@gmail.com,f
399,Yogeshwari Goyait,Bihar,Patna,"2018-04-09",1980-04-04,2019-03-24,Yogesh@gmail.com,f
391,Vineeta,Sikkim,Gangtok,"2019-01-05",1970-04-12,2019-01-05,Vineet@gmail.com,f
177,Manish Garg,Himachal Pradesh,Simla,"2018-04-25",1995-11-24,2019-02-28,Manish@gmail.com,m
293,Saurabh S/O,Andhra Pradesh,Hyderabad,"2019-01-12",1979-01-26,2019-01-12,Saurabh@gmail.com,m
153,Kartik @ Kaku,Gujarat,Ahmedabad,"2018-08-09",1998-02-19,2018-08-09,Kartik@gmail.com,m
325,Shubham Yadav,Delhi,Delhi,"2019-02-06",1995-09-16,2019-02-06,Shubham@gmail.com,m
326,Shubham Yadav,Himachal Pradesh,Simla,"2018-08-22",1998-03-04,2018-08-22,Shubham@gmail.com,m
327,Shubham Yadav,Jammu and Kashmir,Kashmir,"2019-02-09",1981-02-04,2019-02-09,Shubham@gmail.com,m
329,Shubham Yadav,Maharashtra,Pune,"2018-11-08",1992-07-15,2018-11-08,Shubham@gmail.com,m
294,Saurabh S/O,Maharashtra,Mumbai,"2018-11-22",1978-12-06,2018-11-22,Saurabh@gmail.com,m
119,Gaurav Sethi,Gujarat,Ahmedabad,"2018-11-08",1973-01-16,2018-11-08,Gaurav@gmail.com,m
20,Aditya Som,Himachal Pradesh,Simla,"2018-09-24",1969-12-30,2018-09-24,Aditya@gmail.com,m
21,Aditya Som,Punjab,Chandigarh,"2018-05-04",1970-07-31,2019-03-11,Aditya@gmail.com,m
120,Gaurav Sethi,Rajasthan,Udaipur,"2019-02-03",1992-10-10,2019-02-03,Gaurav@gmail.com,m
99,Chirag @ Chinu,Maharashtra,Mumbai,"2018-05-06",1987-02-26,2019-03-13,Chirag@gmail.com,m
210,Nikhil Tyagi,Punjab,Chandigarh,"2019-01-05",2000-06-29,2019-01-05,Nikhil@gmail.com,m
142,Vi Jay Kumar  Malhotra,Delhi,Delhi,"2018-12-14",1998-06-26,2018-12-14,Jay@gmail.com,m
263,Rishabh Kumar,Rajasthan,Jaipur,"2018-07-22",1996-02-20,2018-07-22,Rishabh@gmail.com,m
110,Divyansh With Father,Gujarat,Ahmedabad,"2018-10-01",1990-06-26,2018-10-01,Divyansh@gmail.com,m
9,Abhijeet Sarkar,Madhya Pradesh,Bhopal,"2018-11-08",1992-07-15,2018-11-08,Abhijeet@gmail.com,m
30,Akshay Kumar,Bihar,Patna,"2018-08-18",1988-05-31,2018-08-18,Akshay@gmail.com,m
31,Akshay Kumar,Tamil Nadu,Chennai,"2018-11-15",1985-09-25,2018-11-15,Akshay@gmail.com,m
32,Akshay Kumar,Uttar Pradesh,Lucknow,"2018-09-22",1986-07-24,2018-09-22,Akshay@gmail.com,m
226,Parnav Kumar,Madhya Pradesh,Bhopal,"2018-06-18",2000-12-01,2018-06-18,Parna@gmail.com,m
229,Parth Madan,Maharashtra,Pune,"2019-03-04",1972-05-21,2018-04-26,Parth@gmail.com,m
10,Abhijeet Sarkar,Maharashtra,Mumbai,"2018-11-10",1994-06-29,2018-11-10,Abhijeet@gmail.com,m
78,Atul Kumar @ Rahul,Delhi,Delhi,"2019-01-30",2000-07-24,2019-01-30,Atul@gmail.com,m
241,Pradeep Kumar Sharma @ Deepu,Delhi,Delhi,"2018-12-12",1980-12-07,2018-12-12,Pradeep@gmail.com,m
192,Mohit Maan,Madhya Pradesh,Indore,"2018-08-21",1969-11-26,2018-08-21,Mohit Maan@outlook.com,m
299,Shardanand,Kerala ,Thiruvananthapuram,"2018-05-03",1969-08-08,2019-03-10,Sharda@gmail.com,m
264,Ritu Raj Kumar,Haryana,Chandigarh,"2018-04-24",1985-03-04,2019-02-27,Ritu@gmail.com,m
154,Kartik @ Kaku,Madhya Pradesh,Indore,"2018-10-21",1976-11-22,2018-10-21,Kartik @ Kaku@outlook.com,m
328,Shubham Yadav,Madhya Pradesh,Indore,"2018-08-01",1997-02-20,2018-08-01,Shubham Yadav@outlook.com,m
71,Aryan Prateek,Madhya Pradesh,Bhopal,"2018-10-01",1993-05-29,2018-10-01,Aryan@gmail.com,m
393,Vipulander,Uttar Pradesh,Lucknow,"2018-10-07",1980-10-02,2018-10-07,Vipul@gmail.com,m
160,Komal / Kabila,Himachal Pradesh,Simla,"2018-11-16",1978-11-30,2018-11-16,Komal@gmail.com,m
161,Komal / Kabila,Uttar Pradesh,Allahabad,"2019-01-21",1978-02-13,2019-01-21,Komal@gmail.com,m
162,Komal / Kabila,Uttar Pradesh,Lucknow,"2019-02-10",1978-03-05,2019-02-10,Komal@gmail.com,m
41,Anandi Bai,Madhya Pradesh,Indore,"2018-11-10",1991-07-27,2018-11-10,Anandi Bai@outlook.com,f
55,"Punit Kumar @ Ankur M.No.-7404660980, 9813186044.",Andhra Pradesh,Hyderabad,"2019-01-08",1985-11-18,2019-01-08,Ankur@gmail.com,m
56,"Punit Kumar @ Ankur M.No.-7404660980, 9813186044.",Madhya Pradesh,Bhopal,"2018-10-15",1992-06-21,2018-10-15,Ankur@gmail.com,m
352,Sudhir M.No.-8295508258.,Nagaland,Kohima,"2019-01-04",1976-02-15,2019-01-04,Sudhir@gmail.com,m
383,Utkarsh Jha,Gujarat,Surat,"2018-12-20",1979-01-03,2018-12-20,Utkarsh@gmail.com,m
175,Manender Pratap,Andhra Pradesh,Hyderabad,"2018-10-12",1972-12-20,2018-10-12,Mane@gmail.com,m
158,Kirti Thakur,Jammu and Kashmir,Kashmir,"2019-03-09",1972-05-26,2018-04-29,Kirti@gmail.com,m
45,Aniket,Haryana,Chandigarh,"2018-11-03",1983-10-02,2018-11-03,Aniket@gmail.com,m
219,Omkar Singh,Delhi,Delhi,"2019-02-03",1988-11-16,2019-02-03,Omkar@gmail.com,m
247,Prashant Kumar,Delhi,Delhi,"2019-02-04",1976-03-17,2019-02-04,Prashant@gmail.com,m
213,Nishant Sharma @ Gaurav,Maharashtra,Mumbai,"2018-08-14",2000-02-06,2018-08-14,Nishant@gmail.com,m
103,Devendra Soni,Andhra Pradesh,Hyderabad,"2018-08-08",1992-04-14,2018-08-08,Devendra@gmail.com,m
202,Mukund Upadhyay,Maharashtra,Pune,"2019-01-13",1972-04-01,2019-01-13,Mukund@gmail.com,m
214,Nishith Bhattacharya,Maharashtra,Mumbai,"2019-03-04",1986-01-12,2018-04-26,Nishi@gmail.com,m
28,Akshat @ Vashu,Maharashtra,Mumbai,"2018-07-31",1987-05-23,2018-07-31,Akshat@gmail.com,m
100,Dakshina Murthi,Haryana,Chandigarh,"2018-08-03",1982-07-11,2018-08-03,Daksh@gmail.com,m
375,Tanvir Ahmad,Punjab,Chandigarh,"2018-05-22",1971-08-09,2018-05-22,Tanvi@gmail.com,m
69,Km Arti,Maharashtra,Pune,"2018-10-29",1971-01-25,2018-10-29,Arti@gmail.com,m
114,Diwakar Sinha,Delhi,Delhi,"2019-02-05",1975-03-28,2019-02-05,Diwakar@gmail.com,m
373,Syed Ali Hashmi,Maharashtra,Pune,"2019-01-10",1975-03-02,2019-01-10,Syed@gmail.com,m
76,Asish Agarwal,Jammu and Kashmir,Kashmir,"2018-09-20",1992-05-27,2018-09-20,Asish@gmail.com,m
187,Meghanath Suwedi,Madhya Pradesh,Bhopal,"2018-08-29",2000-02-21,2018-08-29,Meghana@gmail.com,m
306,Shishul Pal,Andhra Pradesh,Hyderabad,"2018-10-01",1988-07-14,2018-10-01,Shishu@gmail.com,m
207,Shiv Lal Nehara,Rajasthan,Udaipur,"2018-12-23",1980-12-18,2018-12-23,Neha@gmail.com,m
11,Abhijit Singh,Delhi,Delhi,"2018-12-11",2000-06-04,2018-12-11,Abhijit@gmail.com,m
291,Ct B Sathya Murti,Gujarat,Surat,"2018-12-04",1978-12-18,2018-12-04,Sathya@gmail.com,m
39,Amol Mishra,Bihar,Patna,"2018-11-15",1985-09-25,2018-11-15,Amol@gmail.com,m
296,Shrimati Seema,Uttar Pradesh,Allahabad,"2019-01-24",1997-08-15,2019-01-24,Seema@gmail.com,m
44,Anchal @Anchu,Haryana,Chandigarh,"2018-07-16",1977-08-08,2018-07-16,Anchal@gmail.com,m
147,Jitesh Agarwal,Uttar Pradesh,Lucknow,"2018-04-09",1985-02-17,2019-03-23,Jitesh@gmail.com,m
180,Smt. Manju Jat,Andhra Pradesh,Hyderabad,"2018-04-18",1983-03-17,2019-03-27,Manju@gmail.com,f
47,Smt. Anita Devi,Kerala ,Thiruvananthapuram,"2018-04-11",1973-06-10,2019-03-25,Anita@gmail.com,f
93,Brijesh Kumar @ Ajay Kumar,Rajasthan,Udaipur,"2018-11-28",1998-06-10,2018-11-28,Brijesh@gmail.com,m
295,Md Savir,Madhya Pradesh,Indore,"2018-09-12",1998-03-25,2018-09-12,Md Savir@outlook.com,m
211,Nikita Senger,Punjab,Chandigarh,"2018-10-24",1992-06-30,2018-10-24,Nikita@gmail.com,f
209,Nidhi Kumari,Nagaland,Kohima,"2019-03-03",1986-01-11,2018-04-26,Nidhi@gmail.com,f
98,Devik Jain @ Chikku,Madhya Pradesh,Indore,"2018-11-14",1983-10-13,2018-11-14,Devik Jain @ Chikku@outlook.com,m
334,Siddharth,Madhya Pradesh,Indore,"2018-09-24",1978-10-08,2018-11-24,Siddharth@outlook.com,m
104,Dhanraj Sharma,Madhya Pradesh,Indore,"2018-10-06",1971-12-24,2018-10-06,Dhanraj Sharma@outlook.com,m
302,Sheetal Prsad,Madhya Pradesh,Indore,"2018-11-02",1989-08-06,2018-10-23,Sheetal Prsad@outlook.com,m
205,Nandita,Rajasthan,Jaipur,"2019-02-08",1979-02-22,2019-02-08,Nandita@gmail.com,f
178,Manisha Devi,Rajasthan,Udaipur,"2019-01-25",1988-11-07,2019-01-25,Manisha@gmail.com,f
311,Kumari Shivani,Maharashtra,Mumbai,"2018-07-01",1998-01-11,2018-07-01,Shivani@gmail.com,f
290,Sarita Devi,Maharashtra,Pune,"2018-04-20",1999-10-13,2019-03-27,Sarita@gmail.com,f
57,Anmol @ Ankur,Rajasthan,Udaipur,"2019-02-04",1976-03-17,2019-02-04,Anmol@gmail.com,m
134,Hitesh Kumar,Madhya Pradesh,Bhopal,"2019-02-08",1999-08-12,2019-02-08,Hitesh@gmail.com,m
19,Aditiya @ Sumit,Rajasthan,Udaipur,"2018-12-04",1988-09-16,2018-12-04,Aditi@gmail.com,m
80,Avnish Kumar @Kallu,Maharashtra,Mumbai,"2018-06-04",1986-04-05,2018-06-04,Avni@gmail.com,m
335,Sidharth Vermani,Maharashtra,Mumbai,"2019-01-04",1975-02-24,2019-01-04,Sidharth@gmail.com,m
75,Ashwini Kumar,Goa,Goa,"2018-08-03",1994-03-22,2018-08-03,Ashwin@gmail.com,m
141,Jaideep @ Monu,Nagaland,Kohima,"2019-01-07",1981-01-02,2019-01-07,Jaideep@gmail.com,m
385,Vaibhav,Madhya Pradesh,Indore,"2018-08-14",1992-04-20,2018-08-14,Vaibhav@outlook.com,m
369,Swati Sharma,Madhya Pradesh,Indore,"2018-11-03",2001-04-18,2018-11-03,Swati Sharma@outlook.com,m
152,"Karandeep Singh ,@ Balu",Madhya Pradesh,Indore,"2018-12-22",1996-07-22,2018-12-22,"Karandeep Singh ,@ Balu@outlook.com",m
203,Muskan Varma,Madhya Pradesh,Indore,"2019-01-18",1999-07-22,2019-01-18,Muskan Varma@outlook.com,m
206,Navdeep Kaur,Madhya Pradesh,Indore,"2018-08-03",1998-02-13,2018-08-03,Navdeep Kaur@outlook.com,f
310,Kumari Shivani,Madhya Pradesh,Indore,"2018-12-04",1984-10-23,2018-12-04,Kumari Shivani@outlook.com,f
